date,day_number,platform,content_format,topic_title,hook_line,key_points,cta,repurpose_notes,pillar
2026-07-06,1,YouTube,long-form video,30 Days of Startup Stress With a CGM: My Baseline Week,I strapped on a CGM during a founder sprint. The first 7 days exposed the meal and meeting pattern crushing my afternoons.,fasting glucose baseline; biggest lunch spike pattern; energy crash timing vs calendar load; founder-budget experiment rules,Subscribe to the Founder Longevity Lab newsletter,Cut 3x 45s vertical clips for TikTok Tue/Wed/Fri; pull 5 chart screenshots into an Instagram carousel on Tuesday.,longevity protocols & N=1 experiments
2026-07-06,1,Instagram,Reel,Why I’m Running a Founder CGM Experiment Instead of Buying More Supplements,"If you are sleep-deprived and stressed, another capsule is not your first bottleneck. Your data probably is.",week focus: Baseline week; one founder constraint; one measurable takeaway,Comment DASHBOARD and I’ll DM the tracking template,Re-edit the YouTube opener into a 35s Reel with on-screen charts; save strongest line for Thursday Story recap.,longevity protocols & N=1 experiments
2026-07-06,1,TikTok,TikTok,My CGM Caught What My Productivity App Missed,I thought I had a focus problem. The glucose graph says I had a lunch problem.,arc: 30-day CGM under startup stress; strongest chart reveal; founder-budget takeaway,Follow for the next data drop in this 90-day series,Use a fast-cut native version of the Monday YouTube reveal; repost the best comment response as a Friday clip.,longevity protocols & N=1 experiments
2026-07-07,2,Instagram,carousel,My Founder CGM Baseline Dashboard: 5 Charts That Matter,Most people screenshot one glucose spike. I care about the weekly pattern that repeats when startup life gets messy.,chart 1 baseline or comparison; chart 2 biggest surprise; chart 3 founder takeaway; chart 4 next test,Save this post for your next health stack audit,Export charts from the YouTube dashboard walkthrough; adapt slide 1 and slide 4 into a LinkedIn-style screenshot for future reuse.,longevity protocols & N=1 experiments
2026-07-07,2,TikTok,TikTok,Stop Guessing Which Meals Work for Founders,Seven days of CGM data beat seven years of “healthy” food assumptions.,one contrarian claim; one chart or anecdote; one immediate action,Comment DATA and I’ll DM the dashboard template,Record natively with a tighter hook than the YouTube cut; reuse subtitles from the clip for an Instagram Story poll on Wednesday.,longevity protocols & N=1 experiments
2026-07-08,3,Instagram,Story,A Day in the Founder CGM Log,"Here is how I tag meetings, meals, workouts, and crashes so the experiment is actually useful.",behind-the-scenes setup; one screenshot from the tracker; one poll or Q&A sticker,Reply FOUNDERS and I’ll share the exact checklist,Turn the best Story question into a Saturday TikTok response; archive the screenshots for a future monthly recap carousel.,founder journey/build-in-public
2026-07-08,3,TikTok,TikTok,How I Label Startup Stress Inside My Health Dashboard,"If you do not tag investor meetings and shipping days, your wearable data becomes noise.",problem most creators oversimplify; what I tested instead; what changed in practice,Follow for the full Thursday write-up,Film as a direct-to-camera native explainer; lift the closing sentence into Thursday Substack email preview text.,science explainers
2026-07-09,4,Substack,Substack essay,CGM Week 1 Methodology: How I’m Measuring Glucose Under Real Startup Stress,"Before sharing hot takes, I’m publishing the rules, meals, and dashboard behind the 30-day founder CGM experiment.",methods and caveats; raw data table summary; evidence grade; founder-budget recommendation,Subscribe to the Founder Longevity Lab newsletter,Embed 2 chart screenshots from the week; spin out the strongest paragraph into Friday Instagram carousel caption and next Monday YouTube intro.,science explainers
2026-07-09,4,YouTube,YouTube Short,The 11:47 AM Meal That Blew Up My Baseline CGM,One default founder lunch spiked me harder than dessert. The graph made the fix obvious.,single dramatic chart moment; one plain-English lesson; one next step,Watch the full breakdown on YouTube,Clip the highest-retention 30s moment from Monday’s long-form; repost natively to Instagram Reels on Thursday night if it spikes early.,longevity protocols & N=1 experiments
2026-07-09,4,Instagram,Reel,3 CGM Rules I Set Before Day 8,"Without rules, self-tracking becomes content theater. These constraints keep the data honest.",one myth to correct; one mechanism or chart; one realistic founder action,Share this with a founder who is overcomplicating health,Use the same core script as the Thursday YouTube Short with a different first line; cut still frames into Story slides after publishing.,science explainers
2026-07-10,5,Instagram,carousel,The Afternoon Crash Scorecard From Week 1,"I mapped every 2 PM slump against food, sleep, and meeting load. One culprit dominated.",weekly scoreboard; one failed assumption; one win worth keeping; one adjustment for next week,Comment REVIEW and I’ll send the weekly scorecard format,Turn each slide into a separate Story frame; reuse the failed-assumption slide as the opening beat for Sunday notes or future recap content.,founder journey/build-in-public
2026-07-10,5,TikTok,TikTok,The 90-Second Founder Lunch Audit,This is the exact lunch I ate before my biggest glucose spike of the week.,mistake or tension point; what the data said; what I changed next,Watch the full breakdown on YouTube,Use B-roll from the actual week and overlay the chart; mirror the strongest sentence in the Friday carousel caption.,founder journey/build-in-public
2026-07-11,6,TikTok,TikTok,What I Refused to Change in Week 1,"I did not optimize everything at once, because clean experiments matter more than performative discipline.",one concise verdict; one caveat; one next experiment or decision,Follow for next week’s experiment drop,Record as a direct response to the week’s top comment; pull the verdict sentence into Sunday notes and the next Monday cold open.,longevity protocols & N=1 experiments
2026-07-13,8,YouTube,long-form video,I Ate the Same Calories Earlier for 7 Days: Here’s What Happened to My Sleep and Glucose,"Moving dinner forward was the simplest change in the whole experiment, and the overnight data shifted fast.",earlier dinner cutoff; overnight glucose stability; 3 AM wake-up changes; realistic founder schedule tradeoffs,Subscribe to the Founder Longevity Lab newsletter,Cut 3x 45s vertical clips for TikTok Tue/Wed/Fri; pull 5 chart screenshots into an Instagram carousel on Tuesday.,longevity protocols & N=1 experiments
2026-07-13,8,Instagram,Reel,The Startup Dinner Habit I’m Killing First,Shipping late made late eating feel normal. My sleep data says it is expensive.,week focus: Late dinner and sleep debt; one founder constraint; one measurable takeaway,Comment DASHBOARD and I’ll DM the tracking template,Re-edit the YouTube opener into a 35s Reel with on-screen charts; save strongest line for Thursday Story recap.,longevity protocols & N=1 experiments
2026-07-13,8,TikTok,TikTok,The Cheapest Fix in My Longevity Stack Was a Clock,A meal timing change beat most of the supplements I have tested.,arc: 30-day CGM under startup stress; strongest chart reveal; founder-budget takeaway,Follow for the next data drop in this 90-day series,Use a fast-cut native version of the Monday YouTube reveal; repost the best comment response as a Friday clip.,longevity protocols & N=1 experiments
2026-07-14,9,Instagram,carousel,Before vs After: Early Dinner Week CGM and Sleep Charts,I changed one variable and the overnight line finally calmed down.,chart 1 baseline or comparison; chart 2 biggest surprise; chart 3 founder takeaway; chart 4 next test,Save this post for your next health stack audit,Export charts from the YouTube dashboard walkthrough; adapt slide 1 and slide 4 into a LinkedIn-style screenshot for future reuse.,longevity protocols & N=1 experiments
2026-07-14,9,TikTok,TikTok,Stop Bragging About Late-Night Founder Grinds,My overnight glucose was treating every late dinner like a tax on tomorrow.,one contrarian claim; one chart or anecdote; one immediate action,Comment DATA and I’ll DM the dashboard template,Record natively with a tighter hook than the YouTube cut; reuse subtitles from the clip for an Instagram Story poll on Wednesday.,longevity protocols & N=1 experiments
2026-07-15,10,Instagram,Story,Founder Schedule vs Early Dinner Reality,This is how I tried to stop treating 9 PM as lunch round two.,behind-the-scenes setup; one screenshot from the tracker; one poll or Q&A sticker,Reply FOUNDERS and I’ll share the exact checklist,Turn the best Story question into a Saturday TikTok response; archive the screenshots for a future monthly recap carousel.,founder journey/build-in-public
2026-07-15,10,TikTok,TikTok,What Happened When I Ate Dinner 90 Minutes Earlier,I expected tiny changes. The sleep and glucose combo moved more than I thought.,problem most creators oversimplify; what I tested instead; what changed in practice,Follow for the full Thursday write-up,Film as a direct-to-camera native explainer; lift the closing sentence into Thursday Substack email preview text.,science explainers
2026-07-16,11,Substack,Substack essay,Why Meal Timing Matters More Than Founders Want It To,Week 2 showed that late dinners were not just a willpower issue. They were a systems problem with measurable costs.,methods and caveats; raw data table summary; evidence grade; founder-budget recommendation,Subscribe to the Founder Longevity Lab newsletter,Embed 2 chart screenshots from the week; spin out the strongest paragraph into Friday Instagram carousel caption and next Monday YouTube intro.,science explainers
2026-07-16,11,YouTube,YouTube Short,The 8:45 PM Dinner Rule That Changed My Overnight CGM,"Same food, earlier timing. My nighttime graph looked like a different person.",single dramatic chart moment; one plain-English lesson; one next step,Watch the full breakdown on YouTube,Clip the highest-retention 30s moment from Monday’s long-form; repost natively to Instagram Reels on Thursday night if it spikes early.,longevity protocols & N=1 experiments
2026-07-16,11,Instagram,Reel,3 Founder-Friendly Ways to Eat Earlier Without Losing Work Time,You do not need a chef or a perfect calendar to stop wrecking your sleep with dinner timing.,one myth to correct; one mechanism or chart; one realistic founder action,Share this with a founder who is overcomplicating health,Use the same core script as the Thursday YouTube Short with a different first line; cut still frames into Story slides after publishing.,science explainers
2026-07-17,12,Instagram,carousel,My 3 AM Wake-Up Scoreboard After 7 Days,"The wake-ups did not vanish, but one pattern got much harder to ignore.",weekly scoreboard; one failed assumption; one win worth keeping; one adjustment for next week,Comment REVIEW and I’ll send the weekly scorecard format,Turn each slide into a separate Story frame; reuse the failed-assumption slide as the opening beat for Sunday notes or future recap content.,founder journey/build-in-public
2026-07-17,12,TikTok,TikTok,The Post-Demo Day Meal That Ruined My Night,One celebratory dinner created the ugliest overnight line of the week.,mistake or tension point; what the data said; what I changed next,Watch the full breakdown on YouTube,Use B-roll from the actual week and overlay the chart; mirror the strongest sentence in the Friday carousel caption.,founder journey/build-in-public
2026-07-18,13,TikTok,TikTok,My Rule for Founder Events That End at 9 PM,"If networking means wrecking tomorrow’s cognition, the event needs a protocol.",one concise verdict; one caveat; one next experiment or decision,Follow for next week’s experiment drop,Record as a direct response to the week’s top comment; pull the verdict sentence into Sunday notes and the next Monday cold open.,longevity protocols & N=1 experiments
2026-07-20,15,YouTube,long-form video,I Moved My Caffeine Back 90 Minutes for a Week: Here’s What Happened,I tested whether my “productive” coffee routine was actually helping my glucose control and sleep debt.,caffeine delay protocol; fasting glucose trend; anxiety during meetings; sleep onset effects,Subscribe to the Founder Longevity Lab newsletter,Cut 3x 45s vertical clips for TikTok Tue/Wed/Fri; pull 5 chart screenshots into an Instagram carousel on Tuesday.,science explainers
2026-07-20,15,Instagram,Reel,The Coffee Rule I Stole From Sleep Science and Stress-Tested on Startup Days,Delaying caffeine sounded minor. It changed the shape of my mornings more than expected.,week focus: Caffeine timing audit; one founder constraint; one measurable takeaway,Comment DASHBOARD and I’ll DM the tracking template,Re-edit the YouTube opener into a 35s Reel with on-screen charts; save strongest line for Thursday Story recap.,science explainers
2026-07-20,15,TikTok,TikTok,Everyone Is Wrong About “Need Coffee Immediately”,Your groggiest feeling might be exactly why immediate caffeine is not helping.,arc: 30-day CGM under startup stress; strongest chart reveal; founder-budget takeaway,Follow for the next data drop in this 90-day series,Use a fast-cut native version of the Monday YouTube reveal; repost the best comment response as a Friday clip.,science explainers
2026-07-21,16,Instagram,carousel,My Caffeine Timing Experiment in 6 Charts,Here is the difference between drinking coffee on autopilot and drinking it on purpose.,chart 1 baseline or comparison; chart 2 biggest surprise; chart 3 founder takeaway; chart 4 next test,Save this post for your next health stack audit,Export charts from the YouTube dashboard walkthrough; adapt slide 1 and slide 4 into a LinkedIn-style screenshot for future reuse.,science explainers
2026-07-21,16,TikTok,TikTok,I Tested Delayed Coffee During a Founder Week,"The result was not magical, but it was measurable.",one contrarian claim; one chart or anecdote; one immediate action,Comment DATA and I’ll DM the dashboard template,Record natively with a tighter hook than the YouTube cut; reuse subtitles from the clip for an Instagram Story poll on Wednesday.,science explainers
2026-07-22,17,Instagram,Story,"Founder Morning Timeline: Wake, Walk, Coffee, First Deep Work Block",This is the exact sequence I used to test whether later caffeine helps under startup stress.,behind-the-scenes setup; one screenshot from the tracker; one poll or Q&A sticker,Reply FOUNDERS and I’ll share the exact checklist,Turn the best Story question into a Saturday TikTok response; archive the screenshots for a future monthly recap carousel.,founder journey/build-in-public
2026-07-22,17,TikTok,TikTok,The 3-Step Morning Stack That Replaced Instant Coffee,"Light, water, movement, then coffee. The order mattered.",problem most creators oversimplify; what I tested instead; what changed in practice,Follow for the full Thursday write-up,Film as a direct-to-camera native explainer; lift the closing sentence into Thursday Substack email preview text.,science explainers
2026-07-23,18,Substack,Substack essay,"Caffeine Timing, Cortisol, and Founder Performance: What the Data Supports",This week’s results forced me to separate internet caffeine lore from what changed in my own dashboard.,methods and caveats; raw data table summary; evidence grade; founder-budget recommendation,Subscribe to the Founder Longevity Lab newsletter,Embed 2 chart screenshots from the week; spin out the strongest paragraph into Friday Instagram carousel caption and next Monday YouTube intro.,science explainers
2026-07-23,18,YouTube,YouTube Short,Why My 6:30 AM Coffee Was Backfiring,The caffeine habit that felt disciplined was sabotaging the rest of the day.,single dramatic chart moment; one plain-English lesson; one next step,Watch the full breakdown on YouTube,Clip the highest-retention 30s moment from Monday’s long-form; repost natively to Instagram Reels on Thursday night if it spikes early.,science explainers
2026-07-23,18,Instagram,Reel,What the Science Actually Says About Delaying Caffeine,The internet turned one decent idea into dogma. Here is the useful version.,one myth to correct; one mechanism or chart; one realistic founder action,Share this with a founder who is overcomplicating health,Use the same core script as the Thursday YouTube Short with a different first line; cut still frames into Story slides after publishing.,science explainers
2026-07-24,19,Instagram,carousel,My Most Productive Morning This Month Had Less Caffeine Drama,The productivity gain did not come from more stimulation. It came from less volatility.,weekly scoreboard; one failed assumption; one win worth keeping; one adjustment for next week,Comment REVIEW and I’ll send the weekly scorecard format,Turn each slide into a separate Story frame; reuse the failed-assumption slide as the opening beat for Sunday notes or future recap content.,founder journey/build-in-public
2026-07-24,19,TikTok,TikTok,The Meeting Day vs Coding Day Caffeine Split,I do not use the same caffeine strategy when my calendar is chaos.,mistake or tension point; what the data said; what I changed next,Watch the full breakdown on YouTube,Use B-roll from the actual week and overlay the chart; mirror the strongest sentence in the Friday carousel caption.,founder journey/build-in-public
2026-07-25,20,TikTok,TikTok,What Changed More Than Energy When I Delayed Coffee,The biggest win was not how awake I felt. It was how stable I stayed.,one concise verdict; one caveat; one next experiment or decision,Follow for next week’s experiment drop,Record as a direct response to the week’s top comment; pull the verdict sentence into Sunday notes and the next Monday cold open.,science explainers
2026-07-27,22,YouTube,long-form video,I Walked 10 Minutes After Meals for 7 Days: My CGM Finale,"This was the simplest protocol in the whole month, and it had the cleanest effect on my glucose spikes.",post-meal walk rule; spike reduction pattern; compliance during packed days; final lessons from 30 days,Subscribe to the Founder Longevity Lab newsletter,Cut 3x 45s vertical clips for TikTok Tue/Wed/Fri; pull 5 chart screenshots into an Instagram carousel on Tuesday.,longevity protocols & N=1 experiments
2026-07-27,22,Instagram,Reel,My 30-Day CGM Experiment in 45 Seconds,"If you only copy one thing from the month, copy the habit that actually survived startup life.",week focus: Post-meal walking and final readout; one founder constraint; one measurable takeaway,Comment DASHBOARD and I’ll DM the tracking template,Re-edit the YouTube opener into a 35s Reel with on-screen charts; save strongest line for Thursday Story recap.,longevity protocols & N=1 experiments
2026-07-27,22,TikTok,TikTok,This $0 Habit Beat My Glucose “Stack”,Ten minutes of walking outperformed the stuff people try to sell you.,arc: 30-day CGM under startup stress; strongest chart reveal; founder-budget takeaway,Follow for the next data drop in this 90-day series,Use a fast-cut native version of the Monday YouTube reveal; repost the best comment response as a Friday clip.,longevity protocols & N=1 experiments
2026-07-28,23,Instagram,carousel,The Final CGM Scorecard: What Moved and What Did Not,A month of tracking turns vague “wellness” into a decision memo.,chart 1 baseline or comparison; chart 2 biggest surprise; chart 3 founder takeaway; chart 4 next test,Save this post for your next health stack audit,Export charts from the YouTube dashboard walkthrough; adapt slide 1 and slide 4 into a LinkedIn-style screenshot for future reuse.,longevity protocols & N=1 experiments
2026-07-28,23,TikTok,TikTok,My Founder CGM Experiment Is Over,"Here is the one protocol I kept, the one I dropped, and the surprise I did not expect.",one contrarian claim; one chart or anecdote; one immediate action,Comment DATA and I’ll DM the dashboard template,Record natively with a tighter hook than the YouTube cut; reuse subtitles from the clip for an Instagram Story poll on Wednesday.,longevity protocols & N=1 experiments
2026-07-29,24,Instagram,Story,How I Fit Post-Meal Walks Into Back-to-Back Calls,"This only works if it survives a real founder calendar, so I built around that constraint.",behind-the-scenes setup; one screenshot from the tracker; one poll or Q&A sticker,Reply FOUNDERS and I’ll share the exact checklist,Turn the best Story question into a Saturday TikTok response; archive the screenshots for a future monthly recap carousel.,founder journey/build-in-public
2026-07-29,24,TikTok,TikTok,Stop Overcomplicating Glucose Control,The most useful intervention in my month cost nothing and took less time than scrolling.,problem most creators oversimplify; what I tested instead; what changed in practice,Follow for the full Thursday write-up,Film as a direct-to-camera native explainer; lift the closing sentence into Thursday Substack email preview text.,science explainers
2026-07-30,25,Substack,Substack essay,"30 Days of Founder CGM Data: Wins, Failures, and the Protocols Worth Keeping","The experiment is over. Here is the full founder-budget playbook, including what I got wrong.",methods and caveats; raw data table summary; evidence grade; founder-budget recommendation,Subscribe to the Founder Longevity Lab newsletter,Embed 2 chart screenshots from the week; spin out the strongest paragraph into Friday Instagram carousel caption and next Monday YouTube intro.,science explainers
2026-07-30,25,YouTube,YouTube Short,The 10-Minute Walk That Beat a Fancy Glucose Hack,"No supplement, no gadget upgrade. Just a short walk after eating.",single dramatic chart moment; one plain-English lesson; one next step,Watch the full breakdown on YouTube,Clip the highest-retention 30s moment from Monday’s long-form; repost natively to Instagram Reels on Thursday night if it spikes early.,longevity protocols & N=1 experiments
2026-07-30,25,Instagram,Reel,3 Glucose Hacks I’m Dropping After the Experiment,A lot of internet advice sounds smart until you compare it against an actual month of data.,one myth to correct; one mechanism or chart; one realistic founder action,Share this with a founder who is overcomplicating health,Use the same core script as the Thursday YouTube Short with a different first line; cut still frames into Story slides after publishing.,science explainers
2026-07-31,26,Instagram,carousel,What I’d Tell a Founder Before Buying a CGM,"The sensor is useful, but only if you know which patterns to look for.",weekly scoreboard; one failed assumption; one win worth keeping; one adjustment for next week,Comment REVIEW and I’ll send the weekly scorecard format,Turn each slide into a separate Story frame; reuse the failed-assumption slide as the opening beat for Sunday notes or future recap content.,founder journey/build-in-public
2026-07-31,26,TikTok,TikTok,The Ugly Data I Almost Did Not Post,"The point of build-in-public health is publishing the misses, not just the wins.",mistake or tension point; what the data said; what I changed next,Watch the full breakdown on YouTube,Use B-roll from the actual week and overlay the chart; mirror the strongest sentence in the Friday carousel caption.,founder journey/build-in-public
2026-08-01,27,TikTok,TikTok,Would I Wear a CGM Again?,Only if I had a question to answer. Otherwise it becomes expensive trivia.,one concise verdict; one caveat; one next experiment or decision,Follow for next week’s experiment drop,Record as a direct response to the week’s top comment; pull the verdict sentence into Sunday notes and the next Monday cold open.,longevity protocols & N=1 experiments
2026-08-03,29,YouTube,long-form video,"I Wore Oura, Whoop, and Apple Watch at the Same Time: Here’s the Test Plan",People argue about wearables like sports teams. I care which one survives founder life and gives signal instead of stress.,devices and metrics; scoring rubric; founder-use-case criteria; budget and subscription tradeoffs,Subscribe to the Founder Longevity Lab newsletter,Cut 3x 45s vertical clips for TikTok Tue/Wed/Fri; pull 5 chart screenshots into an Instagram carousel on Tuesday.,health-tech & tools
2026-08-03,29,Instagram,Reel,Why I’m Triple-Wearing Devices Instead of Trusting Influencer Reviews,Most reviews never define the job to be done. Mine does.,week focus: Setup and scoring rubric; one founder constraint; one measurable takeaway,Comment DASHBOARD and I’ll DM the tracking template,Re-edit the YouTube opener into a 35s Reel with on-screen charts; save strongest line for Thursday Story recap.,health-tech & tools
2026-08-03,29,TikTok,TikTok,I’m Wearing 3 Wearables So You Don’t Have To,"This test is about signal, friction, and whether any of them are worth the founder tax.",arc: Wearable benchmark: Oura vs Whoop vs Apple Watch; strongest chart reveal; founder-budget takeaway,Follow for the next data drop in this 90-day series,Use a fast-cut native version of the Monday YouTube reveal; repost the best comment response as a Friday clip.,health-tech & tools
2026-08-04,30,Instagram,carousel,"My Wearable Benchmark Rubric: Accuracy, Friction, and Founder Usefulness",The best wearable is not the one with the most metrics. It is the one that changes better decisions.,chart 1 baseline or comparison; chart 2 biggest surprise; chart 3 founder takeaway; chart 4 next test,Save this post for your next health stack audit,Export charts from the YouTube dashboard walkthrough; adapt slide 1 and slide 4 into a LinkedIn-style screenshot for future reuse.,health-tech & tools
2026-08-04,30,TikTok,TikTok,The Problem With Most Oura vs Whoop Videos,They compare features. I am comparing actual decisions changed.,one contrarian claim; one chart or anecdote; one immediate action,Comment DATA and I’ll DM the dashboard template,Record natively with a tighter hook than the YouTube cut; reuse subtitles from the clip for an Instagram Story poll on Wednesday.,health-tech & tools
2026-08-05,31,Instagram,Story,What I’m Tracking Across All 3 Wearables This Month,"Sleep, HRV, resting heart rate, workouts, friction, battery, and whether the recommendation was actually actionable.",behind-the-scenes setup; one screenshot from the tracker; one poll or Q&A sticker,Reply FOUNDERS and I’ll share the exact checklist,Turn the best Story question into a Saturday TikTok response; archive the screenshots for a future monthly recap carousel.,founder journey/build-in-public
2026-08-05,31,TikTok,TikTok,How I Score Health Tech Like a Product Builder,A good dashboard is useless if the user experience makes you quit by day 10.,problem most creators oversimplify; what I tested instead; what changed in practice,Follow for the full Thursday write-up,Film as a direct-to-camera native explainer; lift the closing sentence into Thursday Substack email preview text.,science explainers
2026-08-06,32,Substack,Substack essay,"How I’m Benchmarking Oura, Whoop, and Apple Watch for Founder Longevity","This comparison starts with methodology, because wearable reviews without a rubric are just vibes.",methods and caveats; raw data table summary; evidence grade; founder-budget recommendation,Subscribe to the Founder Longevity Lab newsletter,Embed 2 chart screenshots from the week; spin out the strongest paragraph into Friday Instagram carousel caption and next Monday YouTube intro.,science explainers
2026-08-06,32,YouTube,YouTube Short,The One Question Most Wearable Reviews Ignore,I do not care which device wins in a lab if it fails during a shipping week.,single dramatic chart moment; one plain-English lesson; one next step,Watch the full breakdown on YouTube,Clip the highest-retention 30s moment from Monday’s long-form; repost natively to Instagram Reels on Thursday night if it spikes early.,health-tech & tools
2026-08-06,32,Instagram,Reel,The Hidden Cost of Wearables Is Not the Hardware,Subscriptions and mental overhead matter more than most reviewers admit.,one myth to correct; one mechanism or chart; one realistic founder action,Share this with a founder who is overcomplicating health,Use the same core script as the Thursday YouTube Short with a different first line; cut still frames into Story slides after publishing.,science explainers
2026-08-07,33,Instagram,carousel,Founder Criteria for Health Tech: What Counts as Signal,"If a metric does not help me train, sleep, or schedule better, it is dashboard wallpaper.",weekly scoreboard; one failed assumption; one win worth keeping; one adjustment for next week,Comment REVIEW and I’ll send the weekly scorecard format,Turn each slide into a separate Story frame; reuse the failed-assumption slide as the opening beat for Sunday notes or future recap content.,founder journey/build-in-public
2026-08-07,33,TikTok,TikTok,What My Apple Watch Still Does Better Than the New Health Apps,Sometimes the default tool wins because it is already on your wrist.,mistake or tension point; what the data said; what I changed next,Watch the full breakdown on YouTube,Use B-roll from the actual week and overlay the chart; mirror the strongest sentence in the Friday carousel caption.,founder journey/build-in-public
2026-08-08,34,TikTok,TikTok,The Founder Wearable Stack I’m Testing for 30 Days,"Three devices, one stressed schedule, and no patience for vanity metrics.",one concise verdict; one caveat; one next experiment or decision,Follow for next week’s experiment drop,Record as a direct response to the week’s top comment; pull the verdict sentence into Sunday notes and the next Monday cold open.,health-tech & tools
2026-08-10,36,YouTube,long-form video,Which Wearable Actually Caught My Bad Sleep Week?,"I had a brutal startup sleep stretch, which made this the best possible week to test whose data I can trust.",sleep onset and wake detection; HRV divergence; nap handling; which insights changed behavior,Subscribe to the Founder Longevity Lab newsletter,Cut 3x 45s vertical clips for TikTok Tue/Wed/Fri; pull 5 chart screenshots into an Instagram carousel on Tuesday.,health-tech & tools
2026-08-10,36,Instagram,Reel,My Worst Sleep Week Became the Best Wearable Test,A perfect routine flatters every device. A startup week exposes them.,week focus: Sleep tracking accuracy; one founder constraint; one measurable takeaway,Comment DASHBOARD and I’ll DM the tracking template,Re-edit the YouTube opener into a 35s Reel with on-screen charts; save strongest line for Thursday Story recap.,health-tech & tools
2026-08-10,36,TikTok,TikTok,My Wearables Disagreed on a Terrible Night of Sleep,"When all 3 devices tell different stories, you learn which one is actually useful.",arc: Wearable benchmark: Oura vs Whoop vs Apple Watch; strongest chart reveal; founder-budget takeaway,Follow for the next data drop in this 90-day series,Use a fast-cut native version of the Monday YouTube reveal; repost the best comment response as a Friday clip.,health-tech & tools
2026-08-11,37,Instagram,carousel,Sleep Tracking Showdown: The Charts Behind My 3 AM Wake-Ups,I lined up all 3 devices against the same nights. One was clearly more useful.,chart 1 baseline or comparison; chart 2 biggest surprise; chart 3 founder takeaway; chart 4 next test,Save this post for your next health stack audit,Export charts from the YouTube dashboard walkthrough; adapt slide 1 and slide 4 into a LinkedIn-style screenshot for future reuse.,health-tech & tools
2026-08-11,37,TikTok,TikTok,The Device That Best Caught My 3 AM Wake-Up,Only one made the interruption obvious enough to change what I did next.,one contrarian claim; one chart or anecdote; one immediate action,Comment DATA and I’ll DM the dashboard template,Record natively with a tighter hook than the YouTube cut; reuse subtitles from the clip for an Instagram Story poll on Wednesday.,health-tech & tools
2026-08-12,38,Instagram,Story,"My Bedtime, Last Meal, and Wearable Scores From the Roughest Night",This is what a real bad founder night looked like in the data.,behind-the-scenes setup; one screenshot from the tracker; one poll or Q&A sticker,Reply FOUNDERS and I’ll share the exact checklist,Turn the best Story question into a Saturday TikTok response; archive the screenshots for a future monthly recap carousel.,founder journey/build-in-public
2026-08-12,38,TikTok,TikTok,Stop Obsessing Over Sleep Scores,"If the score hides the reason you slept badly, it is not helping.",problem most creators oversimplify; what I tested instead; what changed in practice,Follow for the full Thursday write-up,Film as a direct-to-camera native explainer; lift the closing sentence into Thursday Substack email preview text.,science explainers
2026-08-13,39,Substack,Substack essay,Sleep Accuracy Under Real Founder Conditions: Oura vs Whoop vs Apple Watch,"This week’s comparison matters because founder sleep is messy, interrupted, and exactly where good wearables should help.",methods and caveats; raw data table summary; evidence grade; founder-budget recommendation,Subscribe to the Founder Longevity Lab newsletter,Embed 2 chart screenshots from the week; spin out the strongest paragraph into Friday Instagram carousel caption and next Monday YouTube intro.,science explainers
2026-08-13,39,YouTube,YouTube Short,Only One Device Nailed My 3 AM Wake-Ups,The gap between “somewhat right” and “actionably right” was bigger than I expected.,single dramatic chart moment; one plain-English lesson; one next step,Watch the full breakdown on YouTube,Clip the highest-retention 30s moment from Monday’s long-form; repost natively to Instagram Reels on Thursday night if it spikes early.,health-tech & tools
2026-08-13,39,Instagram,Reel,What Sleep Scores Get Wrong When Your Schedule Is Chaos,A single number can hide the exact pattern you need to fix.,one myth to correct; one mechanism or chart; one realistic founder action,Share this with a founder who is overcomplicating health,Use the same core script as the Thursday YouTube Short with a different first line; cut still frames into Story slides after publishing.,science explainers
2026-08-14,40,Instagram,carousel,The Sleep Metric I Trust More Than “Readiness”,One metric helped me make better choices faster than the recovery scores did.,weekly scoreboard; one failed assumption; one win worth keeping; one adjustment for next week,Comment REVIEW and I’ll send the weekly scorecard format,Turn each slide into a separate Story frame; reuse the failed-assumption slide as the opening beat for Sunday notes or future recap content.,founder journey/build-in-public
2026-08-14,40,TikTok,TikTok,The Founder Mistake That Broke My Sleep Data,Late laptop time made the entire dashboard uglier than any supplement could fix.,mistake or tension point; what the data said; what I changed next,Watch the full breakdown on YouTube,Use B-roll from the actual week and overlay the chart; mirror the strongest sentence in the Friday carousel caption.,founder journey/build-in-public
2026-08-15,41,TikTok,TikTok,What I Look At First Each Morning Now,It is not the flashy readiness score. It is the metric most tied to real choices.,one concise verdict; one caveat; one next experiment or decision,Follow for next week’s experiment drop,Record as a direct response to the week’s top comment; pull the verdict sentence into Sunday notes and the next Monday cold open.,health-tech & tools
2026-08-17,43,YouTube,long-form video,Oura vs Whoop vs Apple Watch for Training on a Founder Schedule,"I do not train like a pro athlete. I train between meetings, deadlines, and bad nights of sleep. That changes the verdict.",workout auto-detection; strain interpretation; recovery guidance usefulness; time-to-action tradeoffs,Subscribe to the Founder Longevity Lab newsletter,Cut 3x 45s vertical clips for TikTok Tue/Wed/Fri; pull 5 chart screenshots into an Instagram carousel on Tuesday.,health-tech & tools
2026-08-17,43,Instagram,Reel,How I Train When Startup Stress Is Higher Than Gym Stress,The best wearable for founders is the one that helps you avoid digging the fatigue hole deeper.,"week focus: Strain, workouts, and recovery; one founder constraint; one measurable takeaway",Comment DASHBOARD and I’ll DM the tracking template,Re-edit the YouTube opener into a 35s Reel with on-screen charts; save strongest line for Thursday Story recap.,health-tech & tools
2026-08-17,43,TikTok,TikTok,Founders Should Not Use Athlete Recovery Rules Blindly,"Your stress bucket includes fundraising, launches, and poor sleep, not just squats.",arc: Wearable benchmark: Oura vs Whoop vs Apple Watch; strongest chart reveal; founder-budget takeaway,Follow for the next data drop in this 90-day series,Use a fast-cut native version of the Monday YouTube reveal; repost the best comment response as a Friday clip.,health-tech & tools
2026-08-18,44,Instagram,carousel,"Training Day Comparison: 3 Wearables, 1 Workout, Very Different Advice","Same run, same lift, same body. The recommendations were not remotely identical.",chart 1 baseline or comparison; chart 2 biggest surprise; chart 3 founder takeaway; chart 4 next test,Save this post for your next health stack audit,Export charts from the YouTube dashboard walkthrough; adapt slide 1 and slide 4 into a LinkedIn-style screenshot for future reuse.,health-tech & tools
2026-08-18,44,TikTok,TikTok,I Compared 3 Wearables on the Same Workout Day,Only one gave advice I would trust before a hard training session.,one contrarian claim; one chart or anecdote; one immediate action,Comment DATA and I’ll DM the dashboard template,Record natively with a tighter hook than the YouTube cut; reuse subtitles from the clip for an Instagram Story poll on Wednesday.,health-tech & tools
2026-08-19,45,Instagram,Story,Would I Lift Today? The Wearable Check I Actually Use,This is the two-minute review I do before deciding to push or back off.,behind-the-scenes setup; one screenshot from the tracker; one poll or Q&A sticker,Reply FOUNDERS and I’ll share the exact checklist,Turn the best Story question into a Saturday TikTok response; archive the screenshots for a future monthly recap carousel.,founder journey/build-in-public
2026-08-19,45,TikTok,TikTok,The Metric I Ignore Before Workouts Now,"It looked scientific, but it made worse decisions during stressful weeks.",problem most creators oversimplify; what I tested instead; what changed in practice,Follow for the full Thursday write-up,Film as a direct-to-camera native explainer; lift the closing sentence into Thursday Substack email preview text.,science explainers
2026-08-20,46,Substack,Substack essay,Wearable Recovery Metrics: Which Ones Matter When You Cannot Train Like a Full-Time Athlete?,"A founder needs fast recovery guidance, not more friction. This week separated useful coaching from metric overload.",methods and caveats; raw data table summary; evidence grade; founder-budget recommendation,Subscribe to the Founder Longevity Lab newsletter,Embed 2 chart screenshots from the week; spin out the strongest paragraph into Friday Instagram carousel caption and next Monday YouTube intro.,science explainers
2026-08-20,46,YouTube,YouTube Short,The Recovery Score That Talked Me Out of a Bad Workout,One wearable finally gave guidance that matched how I actually felt.,single dramatic chart moment; one plain-English lesson; one next step,Watch the full breakdown on YouTube,Clip the highest-retention 30s moment from Monday’s long-form; repost natively to Instagram Reels on Thursday night if it spikes early.,health-tech & tools
2026-08-20,46,Instagram,Reel,Why “More Strain” Is a Dumb Founder Goal,"When recovery is constrained by work, pushing harder can become self-sabotage.",one myth to correct; one mechanism or chart; one realistic founder action,Share this with a founder who is overcomplicating health,Use the same core script as the Thursday YouTube Short with a different first line; cut still frames into Story slides after publishing.,science explainers
2026-08-21,47,Instagram,carousel,The Best Wearable for People Who Miss Workouts Sometimes,A tool that punishes imperfect routines is a bad tool for real operators.,weekly scoreboard; one failed assumption; one win worth keeping; one adjustment for next week,Comment REVIEW and I’ll send the weekly scorecard format,Turn each slide into a separate Story frame; reuse the failed-assumption slide as the opening beat for Sunday notes or future recap content.,founder journey/build-in-public
2026-08-21,47,TikTok,TikTok,What “Recovery” Means When You Slept 6 Hours and Still Have a Board Deck,This is why generic fitness advice misses founder reality.,mistake or tension point; what the data said; what I changed next,Watch the full breakdown on YouTube,Use B-roll from the actual week and overlay the chart; mirror the strongest sentence in the Friday carousel caption.,founder journey/build-in-public
2026-08-22,48,TikTok,TikTok,Which Wearable Helped Me Skip the Right Workout,"Sometimes the smartest training decision is to do less, not more.",one concise verdict; one caveat; one next experiment or decision,Follow for next week’s experiment drop,Record as a direct response to the week’s top comment; pull the verdict sentence into Sunday notes and the next Monday cold open.,health-tech & tools
2026-08-24,50,YouTube,long-form video,The Best Founder Wearable Is Not the Most Accurate One,"After 30 days, the winner came down to friction, consistency, and whether I actually used the recommendations.",battery and charging pain; app friction; habit adherence; final ranking by founder use-case,Subscribe to the Founder Longevity Lab newsletter,Cut 3x 45s vertical clips for TikTok Tue/Wed/Fri; pull 5 chart screenshots into an Instagram carousel on Tuesday.,health-tech & tools
2026-08-24,50,Instagram,Reel,My Founder Wearable Ranking After 30 Days,This ranking is not about feature count. It is about behavior change per dollar and per minute.,"week focus: Battery, friction, and final verdict; one founder constraint; one measurable takeaway",Comment DASHBOARD and I’ll DM the tracking template,Re-edit the YouTube opener into a 35s Reel with on-screen charts; save strongest line for Thursday Story recap.,health-tech & tools
2026-08-24,50,TikTok,TikTok,The Best Wearable for Founders Is the One You Keep Wearing,A perfect sensor with bad adherence loses to a good sensor with zero friction.,arc: Wearable benchmark: Oura vs Whoop vs Apple Watch; strongest chart reveal; founder-budget takeaway,Follow for the next data drop in this 90-day series,Use a fast-cut native version of the Monday YouTube reveal; repost the best comment response as a Friday clip.,health-tech & tools
2026-08-25,51,Instagram,carousel,The Wearable Comparison Table I Wish Existed Before I Bought Them,"Accuracy, comfort, charging, insight quality, and subscription cost on one page.",chart 1 baseline or comparison; chart 2 biggest surprise; chart 3 founder takeaway; chart 4 next test,Save this post for your next health stack audit,Export charts from the YouTube dashboard walkthrough; adapt slide 1 and slide 4 into a LinkedIn-style screenshot for future reuse.,health-tech & tools
2026-08-25,51,TikTok,TikTok,"I Spent 30 Days Wearing Oura, Whoop, and Apple Watch",Here is the ranking I would give a founder friend spending their own money.,one contrarian claim; one chart or anecdote; one immediate action,Comment DATA and I’ll DM the dashboard template,Record natively with a tighter hook than the YouTube cut; reuse subtitles from the clip for an Instagram Story poll on Wednesday.,health-tech & tools
2026-08-26,52,Instagram,Story,The Most Annoying Part of Wearing 3 Devices,The biggest downside was not just how they looked. It was how often they interrupted flow.,behind-the-scenes setup; one screenshot from the tracker; one poll or Q&A sticker,Reply FOUNDERS and I’ll share the exact checklist,Turn the best Story question into a Saturday TikTok response; archive the screenshots for a future monthly recap carousel.,founder journey/build-in-public
2026-08-26,52,TikTok,TikTok,The Wearable Cost Nobody Mentions,It is not just dollars. It is the cognitive tax of checking one more dashboard.,problem most creators oversimplify; what I tested instead; what changed in practice,Follow for the full Thursday write-up,Film as a direct-to-camera native explainer; lift the closing sentence into Thursday Substack email preview text.,science explainers
2026-08-27,53,Substack,Substack essay,My Final Wearable Verdict for Founders: Oura vs Whoop vs Apple Watch,The right answer depends less on perfect tracking and more on what you will actually wear and act on.,methods and caveats; raw data table summary; evidence grade; founder-budget recommendation,Subscribe to the Founder Longevity Lab newsletter,Embed 2 chart screenshots from the week; spin out the strongest paragraph into Friday Instagram carousel caption and next Monday YouTube intro.,science explainers
2026-08-27,53,YouTube,YouTube Short,The Wearable Winner Surprised Me for One Reason,"Accuracy mattered, but friction decided the outcome.",single dramatic chart moment; one plain-English lesson; one next step,Watch the full breakdown on YouTube,Clip the highest-retention 30s moment from Monday’s long-form; repost natively to Instagram Reels on Thursday night if it spikes early.,health-tech & tools
2026-08-27,53,Instagram,Reel,Why Subscription Cost Changes the Wearable Equation,A device can be “best” and still fail the founder-budget test.,one myth to correct; one mechanism or chart; one realistic founder action,Share this with a founder who is overcomplicating health,Use the same core script as the Thursday YouTube Short with a different first line; cut still frames into Story slides after publishing.,science explainers
2026-08-28,54,Instagram,carousel,What I’d Buy Again and What I Would Skip,"The final verdict is less glamorous than the internet wants, but more useful.",weekly scoreboard; one failed assumption; one win worth keeping; one adjustment for next week,Comment REVIEW and I’ll send the weekly scorecard format,Turn each slide into a separate Story frame; reuse the failed-assumption slide as the opening beat for Sunday notes or future recap content.,founder journey/build-in-public
2026-08-28,54,TikTok,TikTok,Which Device Had the Best Signal-to-Noise Ratio?,One app was clearly better at turning data into a next action.,mistake or tension point; what the data said; what I changed next,Watch the full breakdown on YouTube,Use B-roll from the actual week and overlay the chart; mirror the strongest sentence in the Friday carousel caption.,founder journey/build-in-public
2026-08-29,55,TikTok,TikTok,Would I Keep Triple-Wearing Devices?,Absolutely not. The whole point was to escape gadget theater with a real recommendation.,one concise verdict; one caveat; one next experiment or decision,Follow for next week’s experiment drop,Record as a direct response to the week’s top comment; pull the verdict sentence into Sunday notes and the next Monday cold open.,health-tech & tools
2026-08-31,57,YouTube,long-form video,"The $3,000 I Wasted on Longevity Tests and the $100/Month Stack I’m Keeping",I audited every health spend from the last year and built a founder version that survives both budget and time constraints.,cost audit by category; what stayed in the stack; what got cut immediately; time cost vs evidence level,Subscribe to the Founder Longevity Lab newsletter,Cut 3x 45s vertical clips for TikTok Tue/Wed/Fri; pull 5 chart screenshots into an Instagram carousel on Tuesday.,founder journey/build-in-public
2026-08-31,57,Instagram,Reel,How I Cut My Longevity Spend Without Cutting Results,The goal is not biohacker aesthetics. It is return on effort and return on dollars.,week focus: Full cost audit and stack reset; one founder constraint; one measurable takeaway,Comment DASHBOARD and I’ll DM the tracking template,Re-edit the YouTube opener into a 35s Reel with on-screen charts; save strongest line for Thursday Story recap.,founder journey/build-in-public
2026-08-31,57,TikTok,TikTok,The $200 Supplement That Lost to a $2 Habit,This is why I trust scorecards more than labels.,arc: $100/month founder longevity stack; strongest chart reveal; founder-budget takeaway,Follow for the next data drop in this 90-day series,Use a fast-cut native version of the Monday YouTube reveal; repost the best comment response as a Friday clip.,founder journey/build-in-public
2026-09-01,58,Instagram,carousel,"My Longevity Cost Audit: Every Dollar, Ranked by Usefulness",This is the spreadsheet I wish every wellness creator had to publish.,chart 1 baseline or comparison; chart 2 biggest surprise; chart 3 founder takeaway; chart 4 next test,Save this post for your next health stack audit,Export charts from the YouTube dashboard walkthrough; adapt slide 1 and slide 4 into a LinkedIn-style screenshot for future reuse.,founder journey/build-in-public
2026-09-01,58,TikTok,TikTok,I Audited My Entire Longevity Spend,"The numbers were more embarrassing than I expected, but useful.",one contrarian claim; one chart or anecdote; one immediate action,Comment DATA and I’ll DM the dashboard template,Record natively with a tighter hook than the YouTube cut; reuse subtitles from the clip for an Instagram Story poll on Wednesday.,founder journey/build-in-public
2026-09-02,59,Instagram,Story,What I Canceled First in My Health Budget,The easiest cuts were the things that looked premium and behaved like noise.,behind-the-scenes setup; one screenshot from the tracker; one poll or Q&A sticker,Reply FOUNDERS and I’ll share the exact checklist,Turn the best Story question into a Saturday TikTok response; archive the screenshots for a future monthly recap carousel.,founder journey/build-in-public
2026-09-02,59,TikTok,TikTok,Stop Confusing Expensive With Optimized,"Most founders need a better system, not a richer supplement drawer.",problem most creators oversimplify; what I tested instead; what changed in practice,Follow for the full Thursday write-up,Film as a direct-to-camera native explainer; lift the closing sentence into Thursday Substack email preview text.,science explainers
2026-09-03,60,Substack,Substack essay,The Founder-Budget Longevity Stack: What I’m Keeping Under $100/Month,"If a protocol cannot survive a startup budget and a crowded calendar, it does not belong in my system.",methods and caveats; raw data table summary; evidence grade; founder-budget recommendation,Subscribe to the Founder Longevity Lab newsletter,Embed 2 chart screenshots from the week; spin out the strongest paragraph into Friday Instagram carousel caption and next Monday YouTube intro.,science explainers
2026-09-03,60,YouTube,YouTube Short,The Most Overpriced Thing in My Longevity Routine,One purchase made me feel serious without making me healthier.,single dramatic chart moment; one plain-English lesson; one next step,Watch the full breakdown on YouTube,Clip the highest-retention 30s moment from Monday’s long-form; repost natively to Instagram Reels on Thursday night if it spikes early.,founder journey/build-in-public
2026-09-03,60,Instagram,Reel,Evidence Tier vs Price Tag: Where My Money Goes Now,High price does not mean high confidence. The stack works better when those two are separated.,one myth to correct; one mechanism or chart; one realistic founder action,Share this with a founder who is overcomplicating health,Use the same core script as the Thursday YouTube Short with a different first line; cut still frames into Story slides after publishing.,science explainers
2026-09-04,61,Instagram,carousel,My New Founder Stack in One Screenshot,"Twenty minutes a day, under $100 a month, and built around real startup friction.",weekly scoreboard; one failed assumption; one win worth keeping; one adjustment for next week,Comment REVIEW and I’ll send the weekly scorecard format,Turn each slide into a separate Story frame; reuse the failed-assumption slide as the opening beat for Sunday notes or future recap content.,founder journey/build-in-public
2026-09-04,61,TikTok,TikTok,The First 3 Things I Cut From My Health Budget,None of them failed because they were evil. They failed because they were low signal.,mistake or tension point; what the data said; what I changed next,Watch the full breakdown on YouTube,Use B-roll from the actual week and overlay the chart; mirror the strongest sentence in the Friday carousel caption.,founder journey/build-in-public
2026-09-05,62,TikTok,TikTok,My Founder Longevity Stack Now Costs Less Than One Fancy Dinner,That constraint forced me to keep only what actually moved the dashboard.,one concise verdict; one caveat; one next experiment or decision,Follow for next week’s experiment drop,Record as a direct response to the week’s top comment; pull the verdict sentence into Sunday notes and the next Monday cold open.,founder journey/build-in-public
2026-09-07,64,YouTube,long-form video,The 20-Minute Morning Stack That Protects My Deep Work,"I rebuilt my mornings around energy stability instead of motivational routines, and the difference showed up in output and recovery.",light and movement sequence; protein-first breakfast decision; caffeine timing carryover; deep work protection,Subscribe to the Founder Longevity Lab newsletter,Cut 3x 45s vertical clips for TikTok Tue/Wed/Fri; pull 5 chart screenshots into an Instagram carousel on Tuesday.,longevity protocols & N=1 experiments
2026-09-07,64,Instagram,Reel,My Morning Stack in Real Time Before Slack and Email,The first 20 minutes decide whether I feel behind all day.,week focus: Morning stack and deep work energy; one founder constraint; one measurable takeaway,Comment DASHBOARD and I’ll DM the tracking template,Re-edit the YouTube opener into a 35s Reel with on-screen charts; save strongest line for Thursday Story recap.,longevity protocols & N=1 experiments
2026-09-07,64,TikTok,TikTok,The Morning Routine Founders Can Actually Keep,"If your routine needs 90 minutes and no emergencies, it is not a routine. It is cosplay.",arc: $100/month founder longevity stack; strongest chart reveal; founder-budget takeaway,Follow for the next data drop in this 90-day series,Use a fast-cut native version of the Monday YouTube reveal; repost the best comment response as a Friday clip.,longevity protocols & N=1 experiments
2026-09-08,65,Instagram,carousel,"The Founder Morning Stack, Step by Step",No journaling marathon. No cold plunge requirement. Just the sequence that improved my energy consistency.,chart 1 baseline or comparison; chart 2 biggest surprise; chart 3 founder takeaway; chart 4 next test,Save this post for your next health stack audit,Export charts from the YouTube dashboard walkthrough; adapt slide 1 and slide 4 into a LinkedIn-style screenshot for future reuse.,longevity protocols & N=1 experiments
2026-09-08,65,TikTok,TikTok,My 20-Minute Founder Morning Stack,This is the sequence that improved energy without eating the morning.,one contrarian claim; one chart or anecdote; one immediate action,Comment DATA and I’ll DM the dashboard template,Record natively with a tighter hook than the YouTube cut; reuse subtitles from the clip for an Instagram Story poll on Wednesday.,longevity protocols & N=1 experiments
2026-09-09,66,Instagram,Story,What My Morning Looks Like on a Board Meeting Day,"The routine compresses when the calendar gets ugly, but the core stays the same.",behind-the-scenes setup; one screenshot from the tracker; one poll or Q&A sticker,Reply FOUNDERS and I’ll share the exact checklist,Turn the best Story question into a Saturday TikTok response; archive the screenshots for a future monthly recap carousel.,founder journey/build-in-public
2026-09-09,66,TikTok,TikTok,What I Do Before Opening Slack,A few simple inputs beat letting notifications set the tone of the day.,problem most creators oversimplify; what I tested instead; what changed in practice,Follow for the full Thursday write-up,Film as a direct-to-camera native explainer; lift the closing sentence into Thursday Substack email preview text.,science explainers
2026-09-10,67,Substack,Substack essay,Designing a Morning Protocol for Founders Who Have No Time for Wellness Theater,"A morning stack is only interesting if it is fast, cheap, and still helps on the days you wake up under-recovered.",methods and caveats; raw data table summary; evidence grade; founder-budget recommendation,Subscribe to the Founder Longevity Lab newsletter,Embed 2 chart screenshots from the week; spin out the strongest paragraph into Friday Instagram carousel caption and next Monday YouTube intro.,science explainers
2026-09-10,67,YouTube,YouTube Short,My 20-Minute Tuesday Protocol for Better Mornings,This is the founder-friendly routine that survived my busiest week this quarter.,single dramatic chart moment; one plain-English lesson; one next step,Watch the full breakdown on YouTube,Clip the highest-retention 30s moment from Monday’s long-form; repost natively to Instagram Reels on Thursday night if it spikes early.,longevity protocols & N=1 experiments
2026-09-10,67,Instagram,Reel,Why I Put Protein Before Productivity Hacks,Feeling “locked in” is easier when breakfast stops fighting your glucose and attention.,one myth to correct; one mechanism or chart; one realistic founder action,Share this with a founder who is overcomplicating health,Use the same core script as the Thursday YouTube Short with a different first line; cut still frames into Story slides after publishing.,science explainers
2026-09-11,68,Instagram,carousel,The Morning Stack KPI I Actually Track,I do not rate mornings by vibes. I rate them by whether deep work happened before meetings took over.,weekly scoreboard; one failed assumption; one win worth keeping; one adjustment for next week,Comment REVIEW and I’ll send the weekly scorecard format,Turn each slide into a separate Story frame; reuse the failed-assumption slide as the opening beat for Sunday notes or future recap content.,founder journey/build-in-public
2026-09-11,68,TikTok,TikTok,The Morning Habit That Beats Another Nootropic,I would rather protect circadian timing than keep buying focus promises.,mistake or tension point; what the data said; what I changed next,Watch the full breakdown on YouTube,Use B-roll from the actual week and overlay the chart; mirror the strongest sentence in the Friday carousel caption.,founder journey/build-in-public
2026-09-12,69,TikTok,TikTok,How I Recover a Morning After Bad Sleep,The goal is not perfection. It is damage control with a system.,one concise verdict; one caveat; one next experiment or decision,Follow for next week’s experiment drop,Record as a direct response to the week’s top comment; pull the verdict sentence into Sunday notes and the next Monday cold open.,longevity protocols & N=1 experiments
2026-09-14,71,YouTube,long-form video,Launch Week Crushed My HRV: Here’s the Sleep Stack I Used to Stop the Slide,"This was a real startup crunch week, not a retreat. I tested which recovery moves still worked when stress was non-negotiable.",HRV drop context; lights and cutoff rules; what I changed during launch week; what failed under pressure,Subscribe to the Founder Longevity Lab newsletter,Cut 3x 45s vertical clips for TikTok Tue/Wed/Fri; pull 5 chart screenshots into an Instagram carousel on Tuesday.,founder journey/build-in-public
2026-09-14,71,Instagram,Reel,My Recovery Data During a Real Product Launch,This is where founder health advice usually falls apart: it ignores the weeks when the work is genuinely intense.,week focus: Sleep stack during launch week; one founder constraint; one measurable takeaway,Comment DASHBOARD and I’ll DM the tracking template,Re-edit the YouTube opener into a 35s Reel with on-screen charts; save strongest line for Thursday Story recap.,founder journey/build-in-public
2026-09-14,71,TikTok,TikTok,Startup Launch Weeks Are a Longevity Stress Test,This is the moment when bad protocols get exposed instantly.,arc: $100/month founder longevity stack; strongest chart reveal; founder-budget takeaway,Follow for the next data drop in this 90-day series,Use a fast-cut native version of the Monday YouTube reveal; repost the best comment response as a Friday clip.,founder journey/build-in-public
2026-09-15,72,Instagram,carousel,"Launch Week vs Recovery: HRV, Sleep, and What I Changed","The chart was ugly, but it made the right interventions easier to see.",chart 1 baseline or comparison; chart 2 biggest surprise; chart 3 founder takeaway; chart 4 next test,Save this post for your next health stack audit,Export charts from the YouTube dashboard walkthrough; adapt slide 1 and slide 4 into a LinkedIn-style screenshot for future reuse.,founder journey/build-in-public
2026-09-15,72,TikTok,TikTok,My HRV Bottomed Out During Shipping Week,Here is what I changed first and what was too weak to matter.,one contrarian claim; one chart or anecdote; one immediate action,Comment DATA and I’ll DM the dashboard template,Record natively with a tighter hook than the YouTube cut; reuse subtitles from the clip for an Instagram Story poll on Wednesday.,founder journey/build-in-public
2026-09-16,73,Instagram,Story,My Night Routine When the Team Is Shipping Late,"The ideal routine is gone during launches, so I use the minimal version that still moves the needle.",behind-the-scenes setup; one screenshot from the tracker; one poll or Q&A sticker,Reply FOUNDERS and I’ll share the exact checklist,Turn the best Story question into a Saturday TikTok response; archive the screenshots for a future monthly recap carousel.,founder journey/build-in-public
2026-09-16,73,TikTok,TikTok,The Sleep Rule I Use Even During Launches,"I cannot control stress, but I can stop adding avoidable damage.",problem most creators oversimplify; what I tested instead; what changed in practice,Follow for the full Thursday write-up,Film as a direct-to-camera native explainer; lift the closing sentence into Thursday Substack email preview text.,science explainers
2026-09-17,74,Substack,Substack essay,What a Launch Week Did to My Recovery Metrics and the Sleep Protocol That Helped,"Instead of pretending stress disappears, I built a recovery strategy for the week it spikes the hardest.",methods and caveats; raw data table summary; evidence grade; founder-budget recommendation,Subscribe to the Founder Longevity Lab newsletter,Embed 2 chart screenshots from the week; spin out the strongest paragraph into Friday Instagram carousel caption and next Monday YouTube intro.,science explainers
2026-09-17,74,YouTube,YouTube Short,From Product Launch to HRV Crash in 24 Hours,The wearable graph looked exactly like the calendar felt.,single dramatic chart moment; one plain-English lesson; one next step,Watch the full breakdown on YouTube,Clip the highest-retention 30s moment from Monday’s long-form; repost natively to Instagram Reels on Thursday night if it spikes early.,founder journey/build-in-public
2026-09-17,74,Instagram,Reel,The Sleep Stack I Trust When Stress Is Not Optional,"A good protocol works on hard weeks, not just calm ones.",one myth to correct; one mechanism or chart; one realistic founder action,Share this with a founder who is overcomplicating health,Use the same core script as the Thursday YouTube Short with a different first line; cut still frames into Story slides after publishing.,science explainers
2026-09-18,75,Instagram,carousel,The Recovery Tactic That Failed Me This Week,I kept one popular habit in the stack out of loyalty. The data says it is not earning its slot.,weekly scoreboard; one failed assumption; one win worth keeping; one adjustment for next week,Comment REVIEW and I’ll send the weekly scorecard format,Turn each slide into a separate Story frame; reuse the failed-assumption slide as the opening beat for Sunday notes or future recap content.,founder journey/build-in-public
2026-09-18,75,TikTok,TikTok,Why Most Recovery Advice Fails Founders,Because it assumes your stressful week is optional. Mine was not.,mistake or tension point; what the data said; what I changed next,Watch the full breakdown on YouTube,Use B-roll from the actual week and overlay the chart; mirror the strongest sentence in the Friday carousel caption.,founder journey/build-in-public
2026-09-19,76,TikTok,TikTok,The Launch Week Data I Almost Kept Private,Publishing the ugly dashboard is the whole point of build-in-public health.,one concise verdict; one caveat; one next experiment or decision,Follow for next week’s experiment drop,Record as a direct response to the week’s top comment; pull the verdict sentence into Sunday notes and the next Monday cold open.,founder journey/build-in-public
2026-09-21,78,YouTube,long-form video,My Travel-Proof Founder Longevity Stack: 5 Moves That Survived Airports and Hotel Gyms,"Travel is where polished routines die. I wanted the minimal protocol that survives delays, dinners, and bad hotel sleep.",travel packing list; airport meal rules; circadian anchors; training minimum viable dose,Subscribe to the Founder Longevity Lab newsletter,Cut 3x 45s vertical clips for TikTok Tue/Wed/Fri; pull 5 chart screenshots into an Instagram carousel on Tuesday.,founder journey/build-in-public
2026-09-21,78,Instagram,Reel,My Founder Travel Stack in One Carry-On,I stripped the routine down to what still matters when the environment is working against you.,week focus: Travel-proof protocol; one founder constraint; one measurable takeaway,Comment DASHBOARD and I’ll DM the tracking template,Re-edit the YouTube opener into a 35s Reel with on-screen charts; save strongest line for Thursday Story recap.,founder journey/build-in-public
2026-09-21,78,TikTok,TikTok,My Travel Stack Fits in One Small Bag,That constraint forced me to cut the fake essentials.,arc: $100/month founder longevity stack; strongest chart reveal; founder-budget takeaway,Follow for the next data drop in this 90-day series,Use a fast-cut native version of the Monday YouTube reveal; repost the best comment response as a Friday clip.,founder journey/build-in-public
2026-09-22,79,Instagram,carousel,Airport to Hotel: My Travel Protocol Checklist,"This is the exact checklist I use to protect sleep, energy, and glucose while traveling.",chart 1 baseline or comparison; chart 2 biggest surprise; chart 3 founder takeaway; chart 4 next test,Save this post for your next health stack audit,Export charts from the YouTube dashboard walkthrough; adapt slide 1 and slide 4 into a LinkedIn-style screenshot for future reuse.,founder journey/build-in-public
2026-09-22,79,TikTok,TikTok,The Airport Rule That Saves My Energy the Next Day,One food decision on travel days changes everything downstream.,one contrarian claim; one chart or anecdote; one immediate action,Comment DATA and I’ll DM the dashboard template,Record natively with a tighter hook than the YouTube cut; reuse subtitles from the clip for an Instagram Story poll on Wednesday.,founder journey/build-in-public
2026-09-23,80,Instagram,Story,What I Eat on Travel Days Now,The airport meal decision matters more than another packet of supplements.,behind-the-scenes setup; one screenshot from the tracker; one poll or Q&A sticker,Reply FOUNDERS and I’ll share the exact checklist,Turn the best Story question into a Saturday TikTok response; archive the screenshots for a future monthly recap carousel.,founder journey/build-in-public
2026-09-23,80,TikTok,TikTok,How I Handle Hotel Sleep as a Founder,"You cannot control the room, but you can control a few high-leverage inputs.",problem most creators oversimplify; what I tested instead; what changed in practice,Follow for the full Thursday write-up,Film as a direct-to-camera native explainer; lift the closing sentence into Thursday Substack email preview text.,science explainers
2026-09-24,81,Substack,Substack essay,How I Keep the Founder Stack Intact While Traveling,A protocol that only works at home is not a real system. This is the travel version I kept after testing it.,methods and caveats; raw data table summary; evidence grade; founder-budget recommendation,Subscribe to the Founder Longevity Lab newsletter,Embed 2 chart screenshots from the week; spin out the strongest paragraph into Friday Instagram carousel caption and next Monday YouTube intro.,science explainers
2026-09-24,81,YouTube,YouTube Short,The Only Travel Longevity Gear I Actually Packed,Most of the stack stayed home. That was the point.,single dramatic chart moment; one plain-English lesson; one next step,Watch the full breakdown on YouTube,Clip the highest-retention 30s moment from Monday’s long-form; repost natively to Instagram Reels on Thursday night if it spikes early.,founder journey/build-in-public
2026-09-24,81,Instagram,Reel,How to Protect Your Clock When Work Sends You Across Time Zones,Jet lag is not just inconvenient. It is a predictable systems problem.,one myth to correct; one mechanism or chart; one realistic founder action,Share this with a founder who is overcomplicating health,Use the same core script as the Thursday YouTube Short with a different first line; cut still frames into Story slides after publishing.,science explainers
2026-09-25,82,Instagram,carousel,The Hotel Gym Workout I Use When Time Is Tight,This is the minimum effective dose that keeps the trip from derailing the week.,weekly scoreboard; one failed assumption; one win worth keeping; one adjustment for next week,Comment REVIEW and I’ll send the weekly scorecard format,Turn each slide into a separate Story frame; reuse the failed-assumption slide as the opening beat for Sunday notes or future recap content.,founder journey/build-in-public
2026-09-25,82,TikTok,TikTok,Stop Packing Your Entire Longevity Identity,Travel exposes which habits are real and which ones are just environment-dependent.,mistake or tension point; what the data said; what I changed next,Watch the full breakdown on YouTube,Use B-roll from the actual week and overlay the chart; mirror the strongest sentence in the Friday carousel caption.,founder journey/build-in-public
2026-09-26,83,TikTok,TikTok,The Hotel Gym Protocol I Can Do in 22 Minutes,"It is not fancy, but it keeps the trip from turning into a recovery disaster.",one concise verdict; one caveat; one next experiment or decision,Follow for next week’s experiment drop,Record as a direct response to the week’s top comment; pull the verdict sentence into Sunday notes and the next Monday cold open.,founder journey/build-in-public
2026-09-28,85,YouTube,long-form video,I Retested My Biological Age After 90 Days of Founder-Grade Longevity,"Three months, one startup, and a lot of public data later, I wanted to see what actually changed beyond vibes.",retest context and caveats; biomarker changes; habits with strongest evidence; next-quarter iteration plan,Subscribe to the Founder Longevity Lab newsletter,Cut 3x 45s vertical clips for TikTok Tue/Wed/Fri; pull 5 chart screenshots into an Instagram carousel on Tuesday.,science explainers
2026-09-28,85,Instagram,Reel,My 90-Day Founder Longevity Before-and-After,No miracle arc. Just a founder-budget experiment with enough data to make smarter next moves.,week focus: Biological age retest and quarter review; one founder constraint; one measurable takeaway,Comment DASHBOARD and I’ll DM the tracking template,Re-edit the YouTube opener into a 35s Reel with on-screen charts; save strongest line for Thursday Story recap.,science explainers
2026-09-28,85,TikTok,TikTok,I Retested My Biological Age After 90 Days,"Here is what moved, what did not, and why the context matters.",arc: $100/month founder longevity stack; strongest chart reveal; founder-budget takeaway,Follow for the next data drop in this 90-day series,Use a fast-cut native version of the Monday YouTube reveal; repost the best comment response as a Friday clip.,science explainers
2026-09-29,86,Instagram,carousel,"Quarter Review Dashboard: Biomarkers, Sleep, Glucose, Spend",This is the single scoreboard I wish existed for every health creator making big claims.,chart 1 baseline or comparison; chart 2 biggest surprise; chart 3 founder takeaway; chart 4 next test,Save this post for your next health stack audit,Export charts from the YouTube dashboard walkthrough; adapt slide 1 and slide 4 into a LinkedIn-style screenshot for future reuse.,science explainers
2026-09-29,86,TikTok,TikTok,The Least Sexy Habit Had the Biggest Quarter Impact,"This is how real systems usually work: less magic, more consistency.",one contrarian claim; one chart or anecdote; one immediate action,Comment DATA and I’ll DM the dashboard template,Record natively with a tighter hook than the YouTube cut; reuse subtitles from the clip for an Instagram Story poll on Wednesday.,science explainers
2026-09-30,87,Instagram,Story,What I’m Keeping for Q4 and What I’m Cutting,"A good quarter review ends with a tighter system, not a bigger wishlist.",behind-the-scenes setup; one screenshot from the tracker; one poll or Q&A sticker,Reply FOUNDERS and I’ll share the exact checklist,Turn the best Story question into a Saturday TikTok response; archive the screenshots for a future monthly recap carousel.,founder journey/build-in-public
2026-09-30,87,TikTok,TikTok,What 90 Days of Founder Data Taught Me,A quarter is long enough to stop guessing and start deciding.,problem most creators oversimplify; what I tested instead; what changed in practice,Follow for the full Thursday write-up,Film as a direct-to-camera native explainer; lift the closing sentence into Thursday Substack email preview text.,science explainers
2026-10-01,88,Substack,Substack essay,"The 90-Day Founder Longevity Review: What Changed, What Didn’t, and What I’ll Test Next","This is the quarter-end memo on biomarkers, budget, time cost, and the protocols that earned a permanent spot.",methods and caveats; raw data table summary; evidence grade; founder-budget recommendation,Subscribe to the Founder Longevity Lab newsletter,Embed 2 chart screenshots from the week; spin out the strongest paragraph into Friday Instagram carousel caption and next Monday YouTube intro.,science explainers
2026-10-01,88,YouTube,YouTube Short,My Biological Age Retest After 90 Days,"The result was less dramatic than influencer thumbnails, but more useful.",single dramatic chart moment; one plain-English lesson; one next step,Watch the full breakdown on YouTube,Clip the highest-retention 30s moment from Monday’s long-form; repost natively to Instagram Reels on Thursday night if it spikes early.,science explainers
2026-10-01,88,Instagram,Reel,Biological Age Tests: Useful Signal or Vanity Metric?,The right answer is more nuanced than both the skeptics and the marketers want.,one myth to correct; one mechanism or chart; one realistic founder action,Share this with a founder who is overcomplicating health,Use the same core script as the Thursday YouTube Short with a different first line; cut still frames into Story slides after publishing.,science explainers
2026-10-02,89,Instagram,carousel,The Founder Longevity Lessons I’d Hand My 25-Year-Old Self,"Most of them are boring, measurable, and worth doing anyway.",weekly scoreboard; one failed assumption; one win worth keeping; one adjustment for next week,Comment REVIEW and I’ll send the weekly scorecard format,Turn each slide into a separate Story frame; reuse the failed-assumption slide as the opening beat for Sunday notes or future recap content.,founder journey/build-in-public
2026-10-02,89,TikTok,TikTok,Are Biological Age Tests Worth It?,"Only if you treat them like one input, not a personality trait.",mistake or tension point; what the data said; what I changed next,Watch the full breakdown on YouTube,Use B-roll from the actual week and overlay the chart; mirror the strongest sentence in the Friday carousel caption.,founder journey/build-in-public
2026-10-03,90,TikTok,TikTok,My Next 90-Day Experiment Starts Here,"The data made the next question obvious, and that is the real win.",one concise verdict; one caveat; one next experiment or decision,Follow for next week’s experiment drop,Record as a direct response to the week’s top comment; pull the verdict sentence into Sunday notes and the next Monday cold open.,science explainers
